kode_nama,scopus_h_index,googlescholar_h_index,sinta_3yr_score,sinta_score,affil_3yr_score,affil_score
C0233C4F,3,10,223,443,0,0
036A27B5,3,27,399,703,0,0
E2B61FF1,0,11,145,356,0,0
A91A80C2,5,0,976,"1,378",0,0
5E1CA9C9,2,12,250,420,0,0
D4541E0B,2,7,84,295,0,0
7A3AF3EB,2,21,278,515,0,0
BD3227F4,1,1,66,123,0,0
032F38D9,2,31,345,731,0,0
4C06113E,1,4,76,165,0,0
6B2046F0,2,15,243,363,0,0
E1005289,1,11,53,249,0,0
7B39DA44,2,22,633,"1,443",0,0
B8BFE6D2,3,16,288,"1,124",0,0
3AE52598,1,11,131,375,0,0
814A6C7C,1,7,80,393,0,0
206C07DF,0,6,66,215,0,0
4EA91453,1,7,114,150,0,0
C419B9F8,0,0,7,680,0,0
9384BCCE,1,6,156,258,0,0
86D3F17B,1,6,143,250,0,0
C2DDDEEA,5,31,"1,224","2,132",0,0
8353C0D9,2,14,316,668,0,0
62A3322F,0,8,20,158,0,0
D5D5B92A,0,0,0,1,0,0
55B42B3C,1,11,147,427,0,0
AD8D0D5D,1,5,45,97,0,0
1D0AB876,0,0,5,11,0,0
9D9DC044,0,5,33,171,0,0
8599DF61,,,,,,
6D1E1E3F,1,6,75,286,0,0
512522F1,0,6,40,149,0,0
E6E0045F,0,5,28,115,0,0
AE2ED1D6,0,0,10,41,0,0
56C6C1A2,0,2,13,60,0,0
F459A4B6,0,6,11,127,0,0
F37689E9,2,3,18,94,0,0
E97C4B8A,0,7,7,159,0,0
2476CA60,5,13,594,791,0,0
866BD7B8,0,4,75,144,0,0
A6B0DA4E,0,8,39,218,0,0
A36C171D,0,6,126,717,0,0
07C8D3B0,0,0,2,165,0,0
618356E3,2,8,367,897,0,0
D466906B,0,4,109,214,0,0
71E121A5,,,,,,
72611640,,,,,,
4D5DE663,,,,,,
C61EF3BA,2,8,341,500,0,0
EE13AB76,0,5,3,95,0,0
06A24CDD,1,6,112,536,0,0
FA6E2B69,0,0,0,0,0,0
1DDFA65A,0,3,2,25,0,0
7E130893,1,4,22,97,0,0
7F6AA7AC,0,5,199,"1,358",0,0
1FE8F490,5,5,422,983,0,0
DE7460C5,0,0,0,0,0,0
378EF1DE,0,11,19,224,0,0
C1CAD26E,2,10,254,506,0,0
960313F3,0,8,31,219,0,0
C941BEC7,1,10,358,806,0,0
474A635C,2,0,19,24,0,0
F7E907DA,1,3,69,151,0,0
EBE1C575,3,8,179,504,0,0
71F51B65,1,4,43,93,0,0
92DA0FAA,0,4,56,189,0,0
8882361E,2,6,130,199,0,0
A6FFA938,0,8,58,383,0,0
60A37D76,0,11,237,395,0,0
9C905E19,0,0,0,0,0,0
FABB3479,1,13,382,542,0,0
90084A0A,,,,,,
5B29946F,5,12,279,770,0,0
0BB8FC62,1,11,128,415,0,0
5A3405FC,0,5,122,246,0,0
2F6C3917,1,15,120,852,0,0
76DEC521,1,8,66,158,0,0
9D85FF04,0,1,2,29,0,0
7B8F2FBA,0,0,34,139,0,0
E22FB29D,1,3,16,119,0,0
E3ED457B,2,12,279,319,0,0
AD5091C2,0,0,0,1,0,0
95DF1BD0,0,5,8,131,0,0
BDB5D8D7,1,8,67,170,0,0
7BE149DE,0,0,0,4,0,0
F50F3789,0,2,22,67,0,0
01AB8F94,0,1,5,18,0,0
CF8A7C4D,0,3,14,53,0,0
FD414098,0,0,0,37,0,0
A1239BD3,0,2,2,66,0,0
92812E64,1,5,69,164,0,0
246C7390,0,3,5,174,0,0
86411F5F,0,3,17,57,0,0
54E1F289,0,6,13,135,0,0
EC3D0F27,1,4,148,295,0,0
681A8416,0,7,5,100,0,0
50E2BFA7,0,0,58,93,0,0
4773E8FC,0,2,53,169,0,0
69866019,0,2,1,46,0,0
DDA4DABB,0,1,0,25,0,0
EB154A73,0,7,46,285,0,0
32F92545,1,26,160,608,0,0
A5281CA3,0,1,42,152,0,0
E6451417,0,7,16,218,0,0
25A5B532,0,8,5,161,0,0
6A07591F,0,12,151,473,0,0
7C3CD039,1,8,164,255,0,0
4AFED54E,0,3,32,133,0,0
BD124EE6,0,0,6,30,0,0
09EBDFBA,1,7,73,235,0,0
6B5E6B7A,0,3,28,75,0,0
038AF4DE,1,4,126,231,0,0
4F935B8C,1,0,32,132,0,0
EA50EF89,1,3,41,145,0,0
7D4C2947,1,9,62,252,0,0
434F31B1,0,3,37,135,0,0
8BEAC1C4,2,5,94,199,0,0
9D285B95,0,4,95,243,0,0
9DB882AA,1,2,0,54,0,0
2B647D6B,1,12,225,593,0,0
A4CCC610,0,2,60,119,0,0
8BFDE166,0,9,32,175,0,0
07313375,0,5,31,114,0,0
9EEDD3AA,1,7,65,295,0,0
FCF3D839,0,7,67,197,0,0
02130CD9,0,3,67,143,0,0
AF534E2E,0,0,17,42,0,0
5D41A336,0,5,16,92,0,0
B0316F42,1,5,51,209,0,0
BCE6A599,0,4,84,142,0,0
08BD6185,0,4,93,211,0,0
B3A7C598,0,1,0,9,0,0
160DF73D,0,5,18,75,0,0
6F09B204,,,,,,
2E71AD16,0,2,2,42,0,0
CEAE097A,0,1,2,54,0,0
9AC9CB09,0,0,0,0,0,0
7B6405CE,0,4,9,63,0,0
909A6472,0,1,96,126,0,0
F1554807,2,3,79,123,0,0
53D1441C,1,2,9,55,0,0
114A63B0,0,3,12,96,0,0
86E2043A,0,6,44,178,0,0
9E9911AA,0,3,8,34,0,0
84F5D48D,0,6,3,90,0,0
BC082D8F,0,1,128,144,0,0
C0D1B77D,0,0,0,12,0,0
1013E213,0,0,0,7,0,0
E3FE34EF,0,3,49,52,0,0
6ABEA4D4,,,,,,
68E7CB51,,,,,,
2AC1EBFD,0,4,19,43,0,0
C85F9FEC,0,0,0,18,0,0
EFBBBB04,0,2,17,26,0,0
F358335E,0,2,26,32,0,0
8124707E,0,4,192,264,0,0
9D321F6E,0,4,43,58,0,0
F8AA728A,0,4,85,179,0,0
FDA91F12,0,2,12,14,0,0
D847A696,0,1,2,6,0,0
DBB1E8E5,0,3,48,84,0,0
8B3ECE86,0,0,10,10,0,0
589D9CCC,0,1,7,10,0,0
136D365A,0,3,10,36,0,0
8CDFC9DC,7,12,630,918,0,0
243F541E,2,9,259,386,0,0
5220504A,3,12,347,649,0,0
605D3E0D,1,10,154,450,0,0
D112A44A,1,9,37,233,0,0
B10E1A5F,3,10,92,361,0,0
992034CB,1,5,33,115,0,0
FC9FEDBD,4,26,321,792,0,0
348BFACD,4,13,338,"1,000",0,0
BE136B64,3,7,316,592,0,0
A191741F,0,2,0,27,0,0
F221AD02,9,18,554,"1,264",0,0
A8618E7A,7,12,148,645,0,0
5EABF3B1,2,17,308,820,0,0
43044851,,,,,,
B803D60B,0,4,54,81,0,0
CF4E0923,2,6,167,424,0,0
857C83C6,2,14,341,680,0,0
6883F354,3,8,195,490,0,0
BA9BFC62,0,10,79,356,0,0
EE3ABC16,2,5,76,330,0,0
BE4D60F8,0,5,18,123,0,0
0CAFC13B,2,9,174,495,0,0
6BE3C5AD,2,7,112,250,0,0
38946B6E,2,8,254,625,0,0
7CCF240E,1,6,286,523,0,0
69401C67,0,2,10,25,0,0
A3DB5327,0,11,6,252,0,0
60BD2A90,1,5,99,250,0,0
7DEB2B94,2,5,26,148,0,0
3569B45D,0,0,0,0,0,0
C6A038D5,2,9,224,660,0,0
4D2D4923,4,10,138,533,0,0
0B819C22,2,8,64,282,0,0
0AD0B037,1,7,233,394,0,0
5C3B06D5,4,9,341,817,0,0
93154F27,1,5,48,105,0,0
4CB6EF5D,0,4,37,49,0,0
8CFDF401,2,6,133,268,0,0
8465620F,2,7,118,423,0,0
DF9309BD,2,3,59,137,0,0
2F3316BA,0,12,82,379,0,0
BB887532,1,5,64,223,0,0
F6CAAB9B,1,3,79,184,0,0
C8CBA750,4,0,474,850,0,0
DFF429DA,0,0,10,10,0,0
EB649EB8,0,1,12,44,0,0
0E853A21,1,6,52,216,0,0
987CE48A,1,5,84,261,0,0
3C96A8ED,1,6,429,855,0,0
400BC592,0,6,7,89,0,0
B5DA228D,1,8,180,437,0,0
81D7493F,0,0,0,5,0,0
20354B39,0,3,7,45,0,0
216DAE6A,0,3,21,65,0,0
E5759016,0,4,25,84,0,0
5CB37277,0,5,26,140,0,0
F1426140,0,5,102,277,0,0
17DE2011,0,0,3,58,0,0
D0A9ACA5,3,4,463,735,0,0
70747270,0,0,30,241,0,0
5FFCC57B,0,0,10,11,0,0
AB7089C3,1,6,73,175,0,0
C6721996,1,8,25,237,0,0
11293ADB,0,8,115,257,0,0
D7625A31,0,4,153,259,0,0
6073B731,0,5,96,277,0,0
453DF7ED,0,3,15,51,0,0
D1BF19BD,3,7,244,685,0,0
BCC21CDC,0,4,14,93,0,0
AEFF9433,0,4,20,63,0,0
BDC28182,0,3,44,253,0,0
D657464A,3,7,118,441,0,0
3C4FC613,1,6,201,365,0,0
DFC7022B,2,4,89,230,0,0
07583128,4,6,210,481,0,0
62117D91,0,1,2,10,0,0
0B5AF8C9,6,8,332,"1,218",0,0
0C9FBC3E,0,5,13,56,0,0
96A47A63,1,7,19,153,0,0
13DDAE10,0,1,45,178,0,0
3B0C03FF,1,6,19,180,0,0
1F724C39,1,4,110,233,0,0
1D921367,0,3,16,281,0,0
6626B4D3,0,2,17,71,0,0
F0C8323B,1,5,212,520,0,0
8E840D85,1,3,42,111,0,0
59D9CC39,,,,,,
ED682AA7,0,5,0,81,0,0
9B9FAB24,0,4,1,57,0,0
C14D44B0,0,6,24,111,0,0
7D9DF78D,0,3,13,45,0,0
82013EBC,0,2,15,47,0,0
0866E387,0,5,67,186,0,0
7D4D3FD4,1,4,13,187,0,0
CBDA649A,0,2,16,68,0,0
F9D6A506,0,4,28,117,0,0
885D9E56,0,2,8,43,0,0
768E8F44,0,3,78,118,0,0
B8AAE555,0,2,19,32,0,0
56959266,0,2,1,12,0,0
38857B41,0,4,70,177,0,0
23CD4704,2,4,94,221,0,0
1BAA6892,1,3,43,116,0,0
55A9C7A6,1,10,514,700,0,0
5A0A1A3C,4,5,49,557,0,0
427154C6,1,5,26,129,0,0
C8ECA272,0,5,59,228,0,0
1F38AF8C,0,1,1,4,0,0
965CC8A8,1,0,44,109,0,0
0ACEE35D,0,2,6,31,0,0
33544350,0,3,12,61,0,0
69B38B01,1,4,146,228,0,0
FBE5C563,0,4,251,329,0,0
F15ED0D3,1,3,15,73,0,0
9147C2B9,1,4,49,181,0,0
C7D2ADF7,2,4,90,208,0,0
7A6D0DE3,0,3,3,28,0,0
F5E13123,4,6,315,415,0,0
5B06B571,3,7,414,527,0,0
FF0BCA13,0,2,8,54,0,0
A89CC13E,1,3,24,29,0,0
ED9BE426,,,,,,
E021B81D,0,1,3,6,0,0
34D54DF5,0,1,16,33,0,0
A63F0F18,0,0,1,2,0,0
EA2738E4,0,1,36,57,0,0
1FD6E659,0,1,6,18,0,0
7948CEEF,0,1,4,9,0,0
0119B92A,0,1,0,12,0,0
DA7AA36F,1,3,8,252,0,0
0654E37F,,,,,,
B5F68769,0,1,7,64,0,0
9C89228C,0,3,7,24,0,0
C82B7F89,2,14,278,668,0,0
AF26738A,2,8,219,422,0,0
4FFBE355,1,14,206,442,0,0
BE3CF268,0,5,420,749,0,0
9F0FE7AF,,,,,,
5348A37E,4,13,480,791,0,0
DCAF1B7F,2,11,257,887,0,0
8CB841B0,4,12,281,612,0,0
41B7969B,2,5,181,380,0,0
17AD80C2,3,14,387,643,0,0
2071E28B,0,5,45,184,0,0
7E775D45,1,9,217,452,0,0
C96CDE63,5,15,32,430,0,0
072D64A9,0,4,33,78,0,0
2F7D229F,0,5,153,406,0,0
72DD16FA,0,2,21,173,0,0
34AFAB35,0,4,10,170,0,0
2128C8B9,0,2,12,34,0,0
F0B7C7B4,0,4,46,263,0,0
7049A3F5,0,7,13,155,0,0
735C98E5,1,16,225,491,0,0
8C5CB263,0,0,0,1,0,0
72EA9DE0,0,5,118,459,0,0
4CFD0FB0,0,1,0,7,0,0
B3F216D8,1,7,86,264,0,0
ABABAAE4,1,5,172,316,0,0
7CE33D84,1,9,54,459,0,0
DAA73A90,1,5,150,470,0,0
11A59CE4,0,0,0,33,0,0
08DD4679,2,13,311,571,0,0
8158072F,0,3,65,129,0,0
86C76B7F,0,0,12,19,0,0
473AEF84,0,3,29,147,0,0
C7963E3B,0,3,0,37,0,0
A79F2FC1,2,5,161,266,0,0
C43D6FBF,0,0,0,0,0,0
D6CF74F5,0,3,68,363,0,0
990B180B,0,6,0,40,0,0
EA8ADF40,0,1,212,400,0,0
FCAE4BE2,0,4,261,462,0,0
2B0B97FE,2,8,30,321,0,0
F72F5FBA,0,5,515,745,0,0
66FC5A7D,0,2,9,44,0,0
3A9E7C6F,,,,,,
926C3E90,0,0,20,80,0,0
C4636D88,0,3,7,31,0,0
D40040EB,0,2,1,60,0,0
3763C577,0,3,46,946,0,0
99964DE7,1,5,171,504,0,0
4AE2C1C4,0,1,14,70,0,0
C685D91F,0,1,0,33,0,0
FA509385,0,1,0,7,0,0
35E63D0F,2,0,246,418,0,0
FD74EAE1,0,12,0,179,0,0
D3036D63,0,6,38,162,0,0
C0BAED8D,0,4,195,276,0,0
65ADBC38,1,10,218,460,0,0
4922FE8D,0,5,29,101,0,0
D799B7CE,0,3,4,81,0,0
78C0F339,0,0,6,77,0,0
67D1669E,2,6,65,245,0,0
3DF3A29D,1,5,337,533,0,0
B9885F4B,0,3,3,74,0,0
B2ECED91,1,1,7,105,0,0
70B889B9,2,5,254,603,0,0
D2EFA534,3,5,116,249,0,0
A90583A2,0,0,3,30,0,0
911AF234,0,1,0,17,0,0
CEC0F697,0,2,3,56,0,0
0FF12518,0,3,43,138,0,0
8ECA59BE,0,3,20,85,0,0
E3420FC7,0,4,11,96,0,0
C4A8E98F,1,6,65,178,0,0
75FF4B69,0,4,73,134,0,0
9EE6D8E4,2,7,78,295,0,0
55031280,0,1,0,10,0,0
FCA0FC62,1,3,106,202,0,0
953891ED,0,3,6,28,0,0
2CAE76DC,3,11,531,933,0,0
491ED15D,0,4,121,214,0,0
5AF82B57,1,0,104,122,0,0
DD8D9D64,0,0,0,8,0,0
C3CFF497,0,1,0,11,0,0
C2361087,0,2,32,37,0,0
2393EB26,0,2,12,41,0,0
5DCEA5B8,0,1,3,41,0,0
3AEA3A69,0,1,63,76,0,0
8274F19B,3,6,343,599,0,0
D9A64ADF,3,6,115,273,0,0
52CD6DA1,2,5,148,211,0,0
EC304426,0,1,35,63,0,0
5E0BF2C0,0,0,0,16,0,0
FD542A85,0,3,25,48,0,0
1E95CC1B,0,1,3,14,0,0
80EE1EDB,0,1,0,22,0,0
969881AA,0,2,11,32,0,0
CF3D7F86,1,3,56,139,0,0
7DFEC456,0,1,2,11,0,0
C500F4E8,0,2,49,90,0,0
F7DF19F7,0,5,22,118,0,0
8E19A75C,0,2,21,67,0,0
99162EFE,0,1,13,43,0,0
C794288B,0,2,63,141,0,0
5878F58D,7,8,345,744,0,0
36D9CDE9,1,4,30,56,0,0
D928F0DC,1,4,32,93,0,0
26B5846E,1,5,51,144,0,0
13575028,1,4,50,104,0,0
AC03614F,0,3,89,154,0,0
4569C5E3,1,9,226,457,0,0
C3927353,4,10,482,805,0,0
093E33A2,0,4,15,53,0,0
4D34965F,,,,,,
857897BE,0,0,0,1,0,0
457050E1,2,3,19,64,0,0
BB98DB3F,0,2,37,57,0,0
7404FD0D,,,,,,
8F4C6731,3,5,181,230,0,0
C1B1C2D5,3,6,104,377,0,0
1C49A371,5,0,120,327,0,0
FFB42575,0,0,12,12,0,0
7441C477,0,3,38,110,0,0
977B284D,0,2,20,25,0,0
C0578A4E,1,4,209,376,0,0
15585364,4,0,260,401,0,0
B74FD749,1,3,74,112,0,0
0DC813E7,0,2,11,28,0,0
3D9B3FFB,0,0,0,143,0,0
7E7F43D3,0,2,6,7,0,0
14A5F8AE,1,1,25,25,0,0
8B03D94A,2,1,16,92,0,0
9DCDC72C,5,12,561,"1,708",0,0
9C730178,7,25,"1,116","2,227",0,0
A933D915,8,22,"1,187","1,899",0,0
4D772ABC,10,25,681,"1,317",0,0
FB9AA5A6,5,14,675,"1,323",0,0
BA94C721,7,10,750,"1,256",0,0
F6DE3BE9,0,5,0,38,0,0
641CC2E5,8,15,431,"1,012",0,0
9097A578,3,8,197,405,0,0
A67FF817,5,13,737,"1,331",0,0
58623D68,7,23,"1,296","2,791",0,0
47AF2421,13,21,"1,786","3,150",0,0
B54423E7,4,6,299,767,0,0
D8E720A8,3,7,413,"1,355",0,0
16292C95,3,9,454,"1,121",0,0
DC0163B4,4,9,272,603,0,0
9671F345,4,9,530,880,0,0
265D0D59,9,14,154,"1,157",0,0
738EF346,7,14,637,"1,622",0,0
D1F50588,3,9,537,"1,004",0,0
ADB9CB5C,10,18,"1,217","2,386",0,0
E37BEDF6,1,4,96,182,0,0
BA5D0EC5,,,,,,
5A9EEAC8,0,5,26,78,0,0
5CDD4954,10,7,245,847,0,0
A41C8AEB,4,13,216,530,0,0
807C184D,1,0,63,171,0,0
DC6D4C63,5,10,978,"1,441",0,0
6638805A,2,8,196,526,0,0
418F88D3,,,,,,
221DDD68,3,0,0,115,0,0
E360C80E,3,2,123,493,0,0
5EA51A3B,5,23,677,"1,363",0,0
A00ABE47,6,12,815,"1,511",0,0
B0E20872,12,25,"1,209","2,191",0,0
D5AA7D96,1,4,54,149,0,0
9F7107C2,0,4,18,85,0,0
BFBC97B1,3,6,312,492,0,0
66B75933,3,5,234,540,0,0
0E413AF4,3,8,345,818,0,0
B14AC243,7,16,975,"2,022",0,0
02378AAE,6,14,"1,437","1,922",0,0
017B6D34,4,11,458,"1,020",0,0
DF3FB7EB,6,9,299,889,0,0
A3451A46,6,18,"1,285","2,086",0,0
31279C90,,,,,,
4A9B189D,2,8,326,572,0,0
A61DE372,3,3,159,324,0,0
43549977,2,8,157,414,0,0
BF83F62F,5,5,386,723,0,0
74354EC7,3,8,51,273,0,0
8C1740B8,2,2,100,188,0,0
B7E87201,0,3,0,106,0,0
F2AE86CE,2,7,20,267,0,0
E3829990,4,6,150,356,0,0
C55051CD,6,14,"1,394","1,778",0,0
8C810093,4,8,147,512,0,0
1D33BB02,4,9,236,495,0,0
768323CC,3,4,37,197,0,0
218D16B3,3,6,85,269,0,0
DD65DB79,3,12,257,786,0,0
D91C408F,2,8,164,356,0,0
51354F8C,7,12,832,"1,501",0,0
898A96B5,0,6,12,125,0,0
F0DD7369,3,8,225,381,0,0
3C02D955,2,9,274,348,0,0
C4D6E0EF,0,5,52,193,0,0
944D8009,3,14,385,848,0,0
368844D6,3,11,196,486,0,0
53604183,5,9,534,"1,090",0,0
F1F2B47F,6,12,445,"1,079",0,0
B7F7D2BD,2,6,71,252,0,0
57C1978C,3,14,465,978,0,0
D3BF23BB,6,13,691,"1,481",0,0
5C3D091C,4,11,448,787,0,0
B9F79C5D,8,12,902,"2,241",0,0
BE27CFEA,3,6,137,346,0,0
C9CA1CE2,2,4,224,424,0,0
C5805825,2,7,208,430,0,0
EAA0C6B6,2,4,217,450,0,0
B7AE4DFB,1,6,202,330,0,0
4865D1B8,8,0,200,747,0,0
4B1CBD4B,6,12,650,"1,515",0,0
6883F215,4,5,81,435,0,0
29DADF47,14,15,805,"1,341",0,0
83491205,7,15,"1,131","2,530",0,0
EFDBF0E4,4,12,325,907,0,0
201463C7,4,6,165,447,0,0
9810BFF1,0,4,12,36,0,0
81C50F32,0,3,4,45,0,0
721BCDB3,3,9,555,913,0,0
7C6F00C7,,,,,,
1B0B2927,0,0,8,28,0,0
99AF9D45,2,10,522,880,0,0
8C916B4D,5,0,574,932,0,0
C6545BAA,5,5,96,370,0,0
C9E972C3,0,3,25,64,0,0
2EA18C37,1,1,108,249,0,0
8626C6FF,1,6,158,276,0,0
FEA7D000,3,6,130,196,0,0
FF6EC4AD,3,5,140,359,0,0
C5FB06FB,4,0,202,346,0,0
43B4FA53,,,,,,
9A05B005,2,8,94,409,0,0
D8575549,3,0,207,359,0,0
5C600CE6,2,6,251,322,0,0
E49D05BA,0,1,0,28,0,0
E3428025,4,5,122,454,0,0
41E53C37,0,2,3,25,0,0
0D9EF31D,2,5,95,165,0,0
5181270B,2,5,217,369,0,0
F2E5432B,4,6,93,373,0,0
F206D096,0,2,0,7,0,0
8C32FA1D,6,4,682,"1,203",0,0
0AA0C3F0,2,6,281,556,0,0
19EED87C,2,4,154,187,0,0
ACB89B98,4,5,216,698,0,0
99D4F276,1,5,73,124,0,0
F198E0A0,2,4,109,291,0,0
568066A0,1,6,97,214,0,0
4C84D7E5,4,13,310,639,0,0
AECBF056,2,18,71,469,0,0
C08B29CB,2,6,637,919,0,0
E932D982,12,15,804,"2,646",0,0
1E4281DC,4,6,148,409,0,0
41F01198,2,5,94,225,0,0
5EED8CA6,7,9,286,813,0,0
6A316D45,31,39,"4,233","11,094",0,0
4275F8DE,10,15,768,"1,934",0,0
AF9150EF,2,5,9,158,0,0
4A845E9D,,,,,,
CD694C3D,0,2,8,18,0,0
F0F52F91,0,2,0,13,0,0
91B46A5E,1,1,66,104,0,0
D949172C,1,2,2,112,0,0
9D6039E7,0,5,7,79,0,0
ADB16BAF,12,14,828,"1,916",0,0
7857D0ED,0,1,17,132,0,0
2F3F96EE,9,9,164,835,0,0
5484510A,3,6,147,342,0,0
B7C89786,5,5,102,424,0,0
54B2B1C6,2,3,95,287,0,0
617C01C6,3,6,110,296,0,0
2506CF7D,0,5,48,132,0,0
3E40220E,3,8,271,536,0,0
96A009DA,2,5,24,160,0,0
65DB25E9,4,6,115,481,0,0
AF93F1BF,4,6,154,395,0,0
300B6F2D,5,7,156,509,0,0
EFA7C99D,5,7,528,975,0,0
1D2F7510,2,3,78,257,0,0
2179E0E7,4,6,257,718,0,0
CF3FD8AD,14,26,"2,736","4,695",0,0
EB5809A0,2,4,80,128,0,0
FBE48D1C,3,7,269,468,0,0
F310AEF6,3,4,139,373,0,0
89983E24,2,9,167,442,0,0
10E04F8D,3,3,206,428,0,0
935B4FCE,2,6,244,374,0,0
077561E1,5,12,498,"1,238",0,0
FAAA25DD,2,4,152,240,0,0
0E20E22B,2,4,77,260,0,0
84808C7F,2,7,117,302,0,0
3EEA1246,3,5,295,586,0,0
666E6DC1,2,6,47,257,0,0
80A02DC4,3,5,250,597,0,0
32603681,4,6,197,463,0,0
A56D161E,3,3,195,354,0,0
6CFF8AD4,2,2,1,55,0,0
4D1839DB,3,4,216,401,0,0
E1B73167,3,8,423,579,0,0
47593E0B,1,4,161,222,0,0
32AF5A6F,2,5,209,336,0,0
1A8E2B16,4,6,289,521,0,0
D0C5A4B9,2,6,201,334,0,0
5E21218E,1,1,116,132,0,0
B9D6829D,0,0,0,0,0,0
7225DB20,5,6,242,499,0,0
38E3E825,0,1,0,2,0,0
F7777C37,2,9,142,455,0,0
B5FF626A,0,2,0,25,0,0
392379EE,1,1,62,76,0,0
199BFB18,,,,,,
717698B7,2,9,142,455,0,0
B24E9252,3,17,285,935,0,0
B6CD44ED,2,5,67,323,0,0
23498BA5,3,6,182,431,0,0
2698CEED,2,8,220,548,0,0
FF4AF5CA,0,5,0,88,0,0
1C1F491A,8,9,"1,205","2,413",0,0
15829170,11,17,"2,143","5,654",0,0
6C940F7D,9,14,"1,113","2,288",0,0
7E6759D3,3,7,119,374,0,0
8F8339C8,1,5,70,175,0,0
6BCA7426,0,1,1,7,0,0
996A80E4,3,9,231,985,0,0
0BEFA7B5,0,4,53,165,0,0
12FE53D9,5,11,420,"1,005",0,0
4151C592,3,4,203,520,0,0
1A422B19,4,4,101,422,0,0
FA3BA31F,3,5,185,371,0,0
378751FA,2,9,142,343,0,0
EAC488C2,2,6,97,344,0,0
C7D5B4D0,0,2,4,63,0,0
CB493D21,4,5,170,336,0,0
747671A7,0,1,30,55,0,0
E3690BDD,1,4,74,305,0,0
8C903006,3,5,99,412,0,0
18207236,0,0,1,53,0,0
2641883F,1,6,196,485,0,0
51114EF9,0,2,21,86,0,0
20A5F62F,0,3,7,54,0,0
5FA2BD12,3,5,138,400,0,0
ABF62601,0,5,10,138,0,0
90A0FE30,1,5,172,377,0,0
18BC943F,1,3,24,103,0,0
48A81548,2,3,110,256,0,0
D723CC6A,2,3,189,358,0,0
F329F99C,2,3,115,267,0,0
C3F3C7FF,0,4,15,168,0,0
BD8B815B,4,0,202,270,0,0
E62830C2,1,2,10,95,0,0
11E16D7E,0,5,6,72,0,0
5E618C70,0,2,14,64,0,0
2989356A,2,3,60,149,0,0
8D0F92AD,0,3,79,112,0,0
E56F7AB0,0,0,1,6,0,0
ED5335ED,1,5,33,136,0,0
0A904576,2,6,82,545,0,0
257B1EB0,0,3,45,77,0,0
1B5B7010,0,1,0,34,0,0
B2E59EE7,3,8,430,981,0,0
FC69E4C7,,,,,,
FA3F6365,2,11,510,823,0,0
FA969238,3,10,304,766,0,0
86C663EE,0,2,0,23,0,0
5C58378D,0,1,8,41,0,0
C7ACD741,1,6,176,358,0,0
866773B6,1,8,152,502,0,0
8A30312E,2,4,106,290,0,0
A68EB15B,6,7,233,765,0,0
F5B46B2E,1,6,27,180,0,0
7537DE27,0,6,107,457,0,0
9D741DD4,3,3,92,269,0,0
B92607FD,3,4,155,379,0,0
C55A2FCD,12,20,"1,374","3,060",0,0
FF074AEC,0,5,12,123,0,0
B5A219CA,3,7,91,543,0,0
3A6DB1CD,1,8,73,270,0,0
A7280A48,5,7,249,658,0,0
7D83EB09,4,6,351,709,0,0
B122687E,4,7,221,415,0,0
7ABCF8FB,6,11,"1,038","1,798",0,0
34927906,6,13,838,"1,989",0,0
560C3FD1,1,4,33,104,0,0
92522F2D,0,0,0,6,0,0
4C259860,1,3,25,103,0,0
D28166B4,0,2,6,20,0,0
AC1B43C3,0,3,14,29,0,0
17750FE7,9,4,928,"1,377",0,0
74A9EF41,0,0,22,30,0,0
D76F1025,1,5,140,256,0,0
E8E1224B,1,2,21,176,0,0
7F8DD7E9,1,5,45,215,0,0
91D8C061,4,3,171,341,0,0
2BCEF8A4,3,6,16,311,0,0
3B0A8116,1,2,20,101,0,0
EBF03975,1,1,26,134,0,0
7EF08220,0,3,36,154,0,0
BFAEEE6F,4,6,281,492,0,0
CFF8581A,2,7,76,296,0,0
369D9AD7,0,2,36,105,0,0
90EC403A,2,6,363,763,0,0
DCC41E56,1,3,14,112,0,0
ADEA5A29,0,2,6,19,0,0
45BEF1FB,0,1,3,19,0,0
461C0AEC,0,0,34,44,0,0
505639B0,0,5,65,139,0,0
C4DDED9A,3,4,64,331,0,0
DCCDAFA3,1,5,69,147,0,0
592AF828,1,8,61,352,0,0
A4BAA97F,5,9,240,777,0,0
0223B4A6,3,4,154,492,0,0
AC3DBEB0,6,8,458,"1,164",0,0
81B4B482,0,0,10,36,0,0
2651D3A4,4,6,124,406,0,0
F0EDA554,1,3,87,215,0,0
E8BA8D96,4,6,357,810,0,0
8ECCA315,0,16,93,401,0,0
3C386FDD,2,4,171,339,0,0
B857B3C8,6,7,261,885,0,0
03492D2E,0,2,2,22,0,0
F2188D80,3,6,75,367,0,0
B11EEACF,5,8,334,813,0,0
15AD08B8,0,6,13,150,0,0
33E17C1F,1,5,72,152,0,0
4460E586,3,4,255,560,0,0
E4F8DBD8,0,2,1,16,0,0
47EBCA10,0,0,0,6,0,0
68506391,0,3,6,48,0,0
C6B8954C,3,1,160,506,0,0
84768923,0,1,0,14,0,0
BFC97589,0,0,1,1,0,0
D175239A,3,4,89,137,0,0
659E5F2B,1,2,57,82,0,0
4F7A7C34,0,5,80,167,0,0
CDB9C758,0,3,12,31,0,0
B92BAFF9,1,0,54,109,0,0
4DB9CE63,1,2,90,199,0,0
ABFD258B,1,3,51,103,0,0
75BA326B,1,4,68,122,0,0
83761C02,1,4,124,185,0,0
B415B8AC,2,4,236,312,0,0
3F109367,1,1,63,134,0,0
06E3EA15,0,1,68,72,0,0
BDB71858,0,0,0,3,0,0
0DFA4D33,0,0,0,1,0,0
89F63322,4,15,508,"1,014",0,0
13067A44,3,11,177,627,0,0
E70F7E1E,1,10,153,289,0,0
96C8B5E5,3,11,252,610,0,0
9578A89D,1,0,95,288,0,0
E8CCEF31,2,11,528,754,0,0
2D30EBB7,1,4,86,126,0,0
AC7A484F,0,3,11,31,0,0
09FBB0C5,5,6,38,263,0,0
C12F8EC4,1,12,122,327,0,0
B137723A,2,9,253,452,0,0
3DA5453B,1,5,44,129,0,0
AEF41733,1,10,304,583,0,0
67342159,1,9,20,151,0,0
085C5080,2,4,109,185,0,0
3E292922,1,4,131,432,0,0
30B9BA30,0,0,0,0,0,0
3F3EC894,1,14,59,326,0,0
9493C1A4,0,4,48,80,0,0
D9E48E28,1,5,38,196,0,0
37E59E8A,0,0,6,26,0,0
397569D6,0,12,53,246,0,0
0167D686,0,4,3,33,0,0
E7169A98,2,11,178,398,0,0
51AE166E,2,4,320,848,0,0
68F7A5AE,0,4,12,27,0,0
A9A2654E,,,,,,
EC4E0313,0,0,4,4,0,0
E4F2F295,0,0,24,116,0,0
AFED6026,1,5,38,168,0,0
EA98044C,3,3,103,434,0,0
E8079A78,0,1,10,47,0,0
73EBC9EF,10,8,"1,275","2,692",0,0
2EADDA41,2,5,290,528,0,0
722616FE,3,7,180,369,0,0
EA5E7114,1,5,151,198,0,0
B6AA4B74,1,4,101,204,0,0
EA815A13,5,7,439,"1,069",0,0
64B5E9DC,0,0,0,0,0,0
7B6F880F,0,3,4,19,0,0
AEE2A4AC,0,0,42,182,0,0
6EBF61F3,1,10,92,324,0,0
D0D6E008,0,0,0,3,0,0
BB530EF6,0,8,18,131,0,0
B1ABF50E,4,4,100,315,0,0
014B7B13,0,0,76,134,0,0
4641AF0F,0,5,52,153,0,0
22CD35FE,1,4,41,144,0,0
882AD30C,0,3,66,107,0,0
61B28D10,1,0,57,104,0,0
8E56AB0B,0,0,12,51,0,0
CE188DAD,2,5,233,381,0,0
3457E01E,1,4,140,210,0,0
F06AC614,0,5,167,534,0,0
746923F4,1,6,169,396,0,0
456BF7F3,1,6,157,323,0,0
9B546DCD,0,1,8,9,0,0
89F8135C,0,3,9,17,0,0
4469D1A6,0,3,34,61,0,0
C91E2861,0,3,86,158,0,0
52FF3195,0,3,34,61,0,0
57F72AEC,3,5,137,255,0,0
26C250A3,0,2,5,17,0,0
4188B4BB,0,2,20,35,0,0
14BB09CF,0,5,149,382,0,0
5851226B,0,4,134,173,0,0
C873AEB8,0,6,197,364,0,0
150CB507,0,3,5,55,0,0
E399D213,0,1,2,8,0,0
6119988F,1,2,3,66,0,0
CECA0637,1,5,215,307,0,0
50DAF4CF,0,7,128,235,0,0
C85D485C,3,7,153,444,0,0
F5D96D97,0,2,52,100,0,0
6E372C66,0,3,58,105,0,0
C361B36C,1,3,73,77,0,0
21FFFFB9,0,1,40,42,0,0
59480BC8,0,0,0,1,0,0
1C266CEA,0,0,10,10,0,0
E181F3FD,2,13,119,397,0,0
EDB866A9,2,6,216,294,0,0
E4B53FA2,4,10,483,981,0,0
BBDB563F,3,11,164,514,0,0
91EE5D90,6,15,436,628,0,0
15A7DACB,2,16,407,"1,040",0,0
D4A5A022,5,7,451,809,0,0
D6AD9673,2,10,108,414,0,0
4455AE58,6,8,139,674,0,0
C9A7CE4F,8,16,913,"2,207",0,0
68638831,0,5,28,100,0,0
6833E70A,1,3,46,203,0,0
0C3AB864,1,6,77,321,0,0
21E6FA2D,2,9,204,377,0,0
68869E9D,1,8,141,398,0,0
87300BAC,1,5,100,201,0,0
D19BF43F,1,7,216,330,0,0
CF48A55C,0,6,6,112,0,0
E6B3EE10,0,5,55,215,0,0
BC4DDAE9,1,5,77,140,0,0
0BCCA198,1,7,34,263,0,0
69B7F756,0,7,21,212,0,0
4F188F0A,,,,,,
28075E53,0,6,63,233,0,0
E5217700,0,6,45,189,0,0
00E15E12,,,,,,
B260DE52,1,0,0,40,0,0
B13FFCCD,1,0,36,216,0,0
1852E2F2,0,4,12,88,0,0
F00400F3,0,6,23,139,0,0
852E47BC,6,15,516,740,0,0
5668B845,6,14,357,851,0,0
52B6DB08,1,7,94,164,0,0
99CD469C,0,3,16,71,0,0
F04D9BD3,0,4,17,76,0,0
633F7945,0,4,8,91,0,0
68B43EFF,0,5,22,92,0,0
9D706923,2,7,44,203,0,0
332FFC0E,0,4,35,146,0,0
BD7B6BE6,1,5,87,424,0,0
3411C648,0,3,43,106,0,0
4A6C19E9,2,16,291,583,0,0
88685017,1,7,148,534,0,0
B2F86C42,1,0,117,319,0,0
86028334,2,0,198,388,0,0
94B036F0,0,6,6,99,0,0
722F4F50,0,4,6,130,0,0
B4338376,2,9,168,234,0,0
3111F15B,4,12,528,"1,011",0,0
8F158ED2,1,4,26,96,0,0
53301A6D,4,10,170,526,0,0
2E2A726E,1,18,56,397,0,0
D1519767,1,5,69,158,0,0
7E59B54F,1,1,6,70,0,0
BE1F61F8,0,6,29,170,0,0
46F050E5,0,7,8,185,0,0
A36A36FE,0,8,54,256,0,0
EB10E873,0,10,107,367,0,0
F4DF2066,0,1,22,88,0,0
98893825,0,5,23,148,0,0
6D728D69,0,7,56,289,0,0
B540039E,0,6,0,100,0,0
A630E246,1,3,21,87,0,0
25DEFFC3,0,4,5,60,0,0
36ADA430,1,1,48,49,0,0
109085D2,1,0,88,167,0,0
17389EB6,0,5,26,69,0,0
ADE10AFF,0,7,36,125,0,0
4D92B17D,0,6,5,120,0,0
7C50A51A,0,0,32,88,0,0
8C521E95,2,6,22,177,0,0
31212309,5,8,245,489,0,0
E5C0880B,0,0,0,4,0,0
3EB17342,1,4,112,223,0,0
F2FAF763,0,7,36,129,0,0
F67F675F,2,7,275,469,0,0
69BE994E,0,3,51,140,0,0
A6F51224,0,1,8,69,0,0
84D311B8,1,4,21,117,0,0
9BB7462D,1,6,102,280,0,0
76AD8476,1,8,77,268,0,0
5E7EF871,0,2,10,28,0,0
59F5C2BB,0,2,1,46,0,0
C6DF8B17,0,3,1,56,0,0
5A49364F,2,0,148,191,0,0
5CF84618,0,8,67,179,0,0
A72D7532,1,5,208,279,0,0
DE2F7C1E,1,4,110,191,0,0
D5DE9CA0,1,7,76,367,0,0
A7FA291A,0,5,35,88,0,0
B2C3DFDC,0,2,13,34,0,0
C39B046F,0,3,11,41,0,0
DB16E345,0,3,87,106,0,0
E2F0518E,0,3,27,65,0,0
60F0D0FD,0,3,26,64,0,0
F217F181,0,3,19,44,0,0
F1BA4717,0,2,45,68,0,0
D8257655,1,4,51,101,0,0
972983E3,0,1,5,7,0,0
829E408B,0,3,11,32,0,0
F7CC7539,,,,,,
902BE90D,0,0,25,49,0,0
9BD28BA5,0,0,0,1,0,0
8F357A28,1,8,184,403,0,0
F7A47BF3,1,9,188,542,0,0
41143C76,0,5,11,175,0,0
06164A1D,0,5,22,288,0,0
22A11E4F,0,7,156,274,0,0
E1E24B3C,1,4,242,400,0,0
5B23F5B3,0,3,21,72,0,0
C7E1F97F,0,2,14,33,0,0
637E2200,0,2,3,52,0,0
1363C558,0,2,5,22,0,0
3CFE5424,0,5,50,236,0,0
5A4B43CE,0,0,12,54,0,0
F1E37BA9,0,2,4,31,0,0
B19B5F1D,0,2,56,78,0,0
A57123C3,1,4,171,346,0,0
1AE06CDE,0,4,42,81,0,0
7ED7BE44,1,4,34,125,0,0
11EA5063,0,1,3,40,0,0
CD57A2C3,0,0,1,17,0,0
76A50934,,,,,,
7D2DC7BB,1,6,97,216,0,0
92E054D5,0,0,0,30,0,0
30457569,0,5,102,306,0,0
95BD4777,0,0,24,46,0,0
6B9A7B9E,0,5,89,227,0,0
8882FC27,0,2,19,50,0,0
6EEBAA26,1,6,154,277,0,0
D909C837,0,2,12,56,0,0
A015916B,0,0,4,11,0,0
1EFE8AB1,0,0,0,13,0,0
6269CF4F,,,,,,
A13607AF,0,0,0,1,0,0
ACD76F20,0,3,23,49,0,0
616269E6,0,1,13,34,0,0
6BFD175A,1,3,42,136,0,0
84FB54DD,,,,,,
6F8617B7,0,4,54,74,0,0
E44B288D,0,0,0,12,0,0
48BF8C35,0,0,0,15,0,0
529A5B2A,0,2,26,55,0,0
9B6325DB,0,2,9,42,0,0
EE9C0C90,0,0,0,13,0,0
35695489,0,1,7,20,0,0
F6CD3A06,3,5,240,322,0,0
178CDA33,0,0,20,41,0,0
5CAA319C,,,,,,
FA46090C,0,1,3,40,0,0
A9B42DEE,0,1,16,48,0,0
DAA435A4,0,0,32,62,0,0
E47B3A9E,0,1,12,22,0,0
8BD017F2,0,2,52,300,0,0
907EC8A8,0,2,7,35,0,0
056A2870,0,0,159,221,0,0
D3F99268,0,7,285,354,0,0
48A4390C,1,2,200,259,0,0
58D3B994,0,0,6,7,0,0
DE25CC67,0,0,7,36,0,0
DC403BE0,0,2,30,49,0,0
81BEF39F,0,16,107,380,0,0
31392772,0,5,22,143,0,0
F6E5B2C2,2,10,176,375,0,0
FF603225,0,4,0,71,0,0
E6363247,0,10,65,295,0,0
E7FF9685,1,7,68,268,0,0
38EE4079,0,6,14,98,0,0
40415A3D,0,5,153,335,0,0
9FE0E6D6,0,4,51,79,0,0
E87163B5,0,5,60,162,0,0
C7E71963,0,8,42,188,0,0
4681021B,0,1,0,5,0,0
6A9EBF80,0,5,30,176,0,0
4448CB0C,0,3,2,37,0,0
AF999F71,1,18,188,612,0,0
C26FF2A6,1,10,195,292,0,0
B431EBF6,1,6,31,128,0,0
F5AE814B,,,,,,
17527C71,0,4,2,45,0,0
FF920E32,0,9,21,153,0,0
DEDCF023,0,3,2,55,0,0
0C42DC20,0,2,42,101,0,0
46384049,0,4,13,57,0,0
BE418348,0,141,308,"1,822",0,0
15368A41,0,1,77,231,0,0
85F38A3F,0,0,2,89,0,0
1C290CE0,0,5,105,196,0,0
1F578C3B,0,3,56,68,0,0
B9E5A6CD,0,5,255,352,0,0
2A9FDC1A,0,3,50,142,0,0
C2F1527C,1,13,215,637,0,0
26FCBE2E,2,10,178,412,0,0
6237656C,3,9,245,473,0,0
DFCD9DD8,0,6,27,109,0,0
43ED9BA1,2,3,57,100,0,0
1E02EBDC,,,,,,
76C12BE5,2,3,62,63,0,0
8FF07CCB,0,1,3,7,0,0
5E696C09,0,3,75,76,0,0
E36A9571,1,5,56,204,0,0
0980CC95,1,13,282,752,0,0
EF06032B,3,11,443,946,0,0
734D29CA,0,0,0,1,0,0
11F5E826,0,1,2,8,0,0
2D2CBA4D,2,13,142,483,0,0
1C881D4B,0,4,1,57,0,0
9AED1CD6,0,0,0,39,0,0
B7EB4F15,2,6,120,232,0,0
1DA64C5D,0,6,30,273,0,0
60F8361D,1,9,107,506,0,0
020B797C,1,0,20,21,0,0
4169950D,4,8,432,679,0,0
D5C012C6,7,13,"1,166","1,831",0,0
0B84DBA0,0,3,5,63,0,0
7B5F7CCF,0,0,32,41,0,0
1FEF930D,1,2,140,149,0,0
42CA3C6A,4,16,496,"1,253",0,0
C28BFA31,1,13,155,389,0,0
CB339B77,1,2,44,45,0,0
ABF97239,1,1,55,70,0,0
22970907,1,0,69,69,0,0
6FFBA366,0,3,7,89,0,0
92ECBB5D,0,0,6,8,0,0
B7D57B15,1,2,62,172,0,0
BCE95111,0,4,18,20,0,0
50D367ED,2,8,95,547,0,0
EA8C821F,7,10,721,962,0,0
4D127839,2,9,326,482,0,0
157F1661,1,2,65,105,0,0
95483EF9,1,2,0,25,0,0
A680B0A9,1,2,69,108,0,0
1829A39B,0,0,43,46,0,0
E82A2B79,3,7,312,452,0,0
6D4CFEC5,7,12,980,"1,677",0,0
00518F96,0,2,0,17,0,0
18462A78,0,7,61,183,0,0
BCA8E6EC,0,0,33,76,0,0
538166B5,0,2,9,38,0,0
D9016CE7,0,0,46,86,0,0
434C3AE8,1,7,78,225,0,0
A430E7FB,0,0,9,12,0,0
E6C9B4B3,0,0,0,0,0,0
142F2695,0,3,19,46,0,0
F081A69C,0,0,0,0,0,0
BEDDEBAA,2,6,312,490,0,0
A910D129,1,7,93,158,0,0
9B4DC93E,2,5,118,235,0,0
067A11F3,0,2,9,59,0,0
7B76B02A,1,4,27,141,0,0
87F704D8,2,9,317,423,0,0
708339EA,1,8,168,273,0,0
1B28B4C9,0,5,68,118,0,0
A039EA31,0,1,24,47,0,0
2A6F4364,2,3,132,189,0,0
D8FFF5B3,1,5,234,380,0,0
EF39ABAC,,,,,,
8FA54941,2,10,294,535,0,0
9C8D01F8,0,5,187,260,0,0
0EE1DC05,2,6,315,626,0,0
F014D6DA,0,2,9,16,0,0
E8688C07,,,,,,
1904A0AE,0,1,1,3,0,0
1AF40C3A,0,5,54,128,0,0
B62C4D3F,0,11,324,958,0,0
93F6A52C,0,11,170,390,0,0
5E2063A3,4,8,266,595,0,0
6EDDD08B,1,7,104,272,0,0
C778595F,0,0,0,1,0,0
9366EECB,0,0,4,10,0,0
322BFA69,1,7,139,366,0,0
98929D42,1,11,297,522,0,0
40430DD4,0,5,21,81,0,0
5E987152,1,6,44,142,0,0
79989928,0,6,107,205,0,0
F0151AEE,2,11,416,726,0,0
66A562DC,2,13,322,561,0,0
75C934EE,4,10,510,705,0,0
875BA041,1,6,245,378,0,0
70DF4378,0,4,33,64,0,0
9757E815,0,3,1,27,0,0
DA13A83A,0,3,21,68,0,0
1E49D6B7,1,3,217,363,0,0
08818EC3,0,0,20,28,0,0
6CB90473,0,1,1,36,0,0
7D841412,1,4,67,83,0,0
F071305C,0,2,10,13,0,0
844B2FF5,0,0,2,60,0,0
7B2AC762,0,4,33,183,0,0
5FB82042,2,5,54,118,0,0
47B327D9,0,4,19,54,0,0
F00D600D,0,0,0,1,0,0
802A48D1,2,11,49,315,0,0
F83A675F,2,6,241,430,0,0
E921A68C,2,4,165,358,0,0
A84BBCFE,0,7,74,171,0,0
6BC299EB,0,4,69,118,0,0
C40C1C31,1,3,55,118,0,0
32E07DAA,0,3,125,147,0,0
9A6BB32F,0,4,28,53,0,0
3E3D45B5,0,4,35,80,0,0
480EBD07,0,2,11,46,0,0
EA8D6D84,0,2,25,80,0,0
2DB4FC94,2,4,93,138,0,0
4E3260AC,,,,,,
9E3FDA79,,,,,,
3070BFBF,,,,,,
18352C58,,,,,,
2D5A2A74,2,16,232,521,0,0
AFF8E8EA,1,20,86,355,0,0
91F86DC4,0,2,48,65,0,0
F2D84A35,1,1,44,74,0,0
0CC23DE2,0,2,16,21,0,0
93A52688,0,3,23,26,0,0
443FDBC4,3,4,276,323,0,0
B8488077,0,2,49,71,0,0
33485109,1,4,55,120,0,0
209F9178,,,,,,
25A61E95,0,1,1,6,0,0
7A66D7DB,0,0,14,14,0,0
D37C86DF,0,0,12,12,0,0
B02AE824,0,1,14,16,0,0
43B4D634,0,1,22,24,0,0
826F0468,3,3,75,170,0,0
504D4DE8,0,2,63,110,0,0
2EB5C256,1,2,50,64,0,0
48D994EC,3,4,162,221,0,0
C0184137,1,3,39,79,0,0
CA1ED2A7,0,19,177,336,0,0
14DCB298,0,5,8,159,0,0
63B3D8C0,0,5,119,182,0,0
E4453D4E,2,3,49,62,0,0
A02FFF37,1,0,35,41,0,0
9BDC7BD1,0,4,39,72,0,0
EFF9942D,0,2,35,40,0,0
C415192E,3,3,178,212,0,0
6C6F0AE2,2,3,151,158,0,0
856655BC,2,6,345,392,0,0
673444AA,2,2,153,176,0,0
A967712E,2,4,79,139,0,0
E21F9D22,1,2,4,36,0,0
1B084184,0,2,25,29,0,0
E5D89DF9,1,3,79,157,0,0
06257B92,0,8,188,216,0,0
E1F47B77,5,7,211,410,0,0
9D9B6DD0,0,3,104,113,0,0
DF7AC055,1,2,206,267,0,0
97E234CD,0,1,29,40,0,0
087ECB6D,0,2,107,123,0,0
396AABC5,0,2,28,57,0,0
7321027A,0,2,10,15,0,0
69A39C18,0,2,13,21,0,0
F614E227,1,6,73,187,0,0
B802F34B,0,2,1,13,0,0
2EF74926,0,1,15,17,0,0
49E6FF1C,0,5,31,39,0,0
9192A66D,0,1,4,7,0,0
94DFF741,0,2,20,42,0,0
F8E4EFDF,0,1,5,12,0,0
3B325723,1,4,114,152,0,0
91957F6E,0,2,10,19,0,0
CE66CAF2,0,1,1,10,0,0
3FC741D5,1,1,15,22,0,0
1DC4B5CA,1,3,28,86,0,0
AA15D5EE,0,1,0,3,0,0
C8E094E5,0,1,8,14,0,0
8F528263,0,1,0,7,0,0
5137C0EE,0,1,0,8,0,0
D680255C,0,1,6,8,0,0
DD67554A,2,2,56,76,0,0
1EDB8470,0,1,46,47,0,0
55243F5C,0,1,2,7,0,0
5AAF9BB4,1,1,43,46,0,0
BAF6B955,0,1,14,17,0,0
F98BD4BD,0,1,2,4,0,0
801BB5EC,0,2,12,57,0,0
3F6C4902,0,2,34,67,0,0
9412FFFD,0,6,195,248,0,0
ECC2708C,,,,,,
BC891296,,,,,,
414EE31C,0,1,11,13,0,0
2FB7EE0E,0,0,2,6,0,0
7FA3101A,0,0,1,2,0,0
DB4A6AF6,5,15,389,824,0,0
632C11D7,5,9,158,462,0,0
5881D3FF,0,1,31,34,0,0
D515FC89,0,1,57,61,0,0
7415C6B1,0,2,32,35,0,0
976952A2,0,2,15,44,0,0
D142A0B1,0,4,107,351,0,0
7FBA7B7B,0,1,31,40,0,0
7BFAFD7C,0,2,24,60,0,0
3DDD6801,0,2,40,44,0,0
EA75071F,0,1,4,5,0,0
FD8DC4BE,,,,,,
B294A275,1,4,47,75,0,0
861E5AA5,0,0,3,13,0,0
103FB2CA,0,1,8,28,0,0
C7488C6B,0,1,8,9,0,0
C6BA023C,0,0,25,42,0,0
205F0812,0,0,1,2,0,0
2CFA8BB0,3,7,439,660,0,0
9DB51B17,0,1,12,14,0,0
9BC42DB1,0,0,0,1,0,0
093E4596,,,,,,
88680AAA,,,,,,
057FF67B,,,,,,
68B81750,,,,,,
A7298F7D,9,20,848,"1,721",0,0
E0149F19,6,27,930,"2,129",0,0
B045191E,,,,,,
82E7BFF5,3,4,122,434,0,0
E23548D0,2,2,176,235,0,0
D18E2243,0,1,0,4,0,0
E7DBBBB8,2,2,56,85,0,0
85DC726D,1,2,34,57,0,0
598C8DEE,3,4,82,158,0,0
53655C57,0,1,1,2,0,0
EF22AD50,0,1,18,20,0,0
329C1128,2,2,94,131,0,0
5BDA92E5,5,15,444,"1,214",0,0
E62B984E,,,,,,
B1CF3C42,0,2,65,87,0,0
D09B7190,1,2,112,167,0,0
D24F9581,2,7,182,271,0,0
5ADE49E5,,,,,,
0B00ADA3,0,1,2,8,0,0
12EFC987,0,1,4,9,0,0
E0235D71,0,2,7,8,0,0
8872BFEB,9,9,734,"1,516",0,0
609A46B9,3,5,579,734,0,0
84912B52,0,2,30,39,0,0
92B74B82,0,3,20,56,0,0
0E73EAAC,1,5,4,92,0,0
4FA5E526,0,1,62,87,0,0
46C011C6,3,4,142,226,0,0
A0B9FC2D,1,4,57,72,0,0
4EE42F43,0,2,89,91,0,0
AC412776,0,1,2,5,0,0
7CDFFE38,1,3,73,97,0,0
E0EE762D,1,3,99,153,0,0
1DD54D91,1,1,71,85,0,0
25D725A0,1,3,202,246,0,0
195922B5,1,2,18,66,0,0
D378ECB2,0,0,6,21,0,0
416852B1,2,2,76,146,0,0
76A8B9A1,0,0,19,19,0,0
DF5320DC,0,0,13,14,0,0
52D30E6A,2,2,96,98,0,0
C1279EAE,1,2,21,43,0,0
23E557AA,0,1,14,17,0,0
555AD4CA,2,4,271,324,0,0
43C9E77D,0,2,20,22,0,0
2FECF8C8,1,5,39,171,0,0
79D6764F,1,3,88,98,0,0
154532A5,1,6,191,322,0,0
E6274FDE,0,2,27,43,0,0
8FC5B51D,0,2,10,25,0,0
9DDF88F3,0,1,4,6,0,0
5DE13198,0,3,63,74,0,0
39E8EE4C,0,2,49,57,0,0
2B86E636,1,3,25,61,0,0
46548541,0,3,30,71,0,0
0B4ACA91,0,1,12,24,0,0
C726C7B1,2,2,116,121,0,0
C603A487,0,2,47,64,0,0
E668FE71,,,,,,
22F102AB,2,1,60,"2,262",0,0
F90B5E85,2,5,144,251,0,0
CB176233,0,2,5,35,0,0
E2B9CBE0,0,0,4,28,0,0
F0A10894,2,2,73,96,0,0
267F65BC,0,1,0,7,0,0
C2F64DC9,0,2,15,51,0,0
B13342F2,0,1,10,19,0,0
4A28616F,1,2,79,108,0,0
556AFED5,1,4,62,102,0,0
2475C988,0,2,52,70,0,0
9D55FE1F,0,2,74,77,0,0
EF602445,1,5,665,"1,081",0,0
BFAE8C2D,0,1,3,18,0,0
C73EED29,0,13,554,716,0,0
481C3738,0,0,43,65,0,0
24B34801,0,1,1,6,0,0
23351027,0,0,7,13,0,0
A31D1C9B,1,4,159,163,0,0
E101AE54,0,1,40,44,0,0
9671FE32,1,2,101,122,0,0
F0C21ED6,0,1,3,3,0,0
3DDAAAEC,0,0,12,22,0,0
83F022F7,1,2,35,43,0,0
4B8420F2,0,2,15,23,0,0
7F5D5DF8,0,2,28,46,0,0
255D9017,0,1,11,18,0,0
1E125C83,0,1,17,17,0,0
EE4CAE32,0,1,14,25,0,0
847D94FC,0,1,4,19,0,0
17F62C08,0,1,13,154,0,0
B9CFC37B,0,0,25,102,0,0
FAD055EF,1,19,77,327,0,0
33554DC7,2,6,132,242,0,0
09121D01,1,2,114,153,0,0
18728803,2,3,147,316,0,0
7171152F,0,2,36,38,0,0
8FE30660,0,2,54,65,0,0
04C52239,0,3,16,26,0,0
0E3A5CAB,1,3,114,118,0,0
85D0E246,0,3,4,50,0,0
B4A6EF88,0,2,14,23,0,0
10DA113C,0,0,0,3,0,0
2BDDBD73,0,2,21,23,0,0
61AD6BA2,0,2,30,36,0,0
04203EF7,,,,,,
8E5DDA0E,1,5,109,153,0,0
DEBBC898,0,1,1,3,0,0
7BC6E107,0,1,4,9,0,0
81740DBE,0,0,1,6,0,0
4AD69D5C,0,1,14,25,0,0
5740A7F3,0,1,2,6,0,0
3323D2DE,0,1,3,4,0,0
D5DFCB41,0,2,6,13,0,0
6498CDCD,0,0,0,1,0,0
333E87E7,0,4,22,38,0,0
57441D2F,0,2,29,37,0,0
DAD93C3A,0,0,0,12,0,0
61EC67B5,0,0,11,16,0,0
203D20F3,0,1,0,2,0,0
0614E478,0,0,0,1,0,0
DAFE0B7C,0,2,86,90,0,0
5EF4336E,0,1,1,14,0,0
6801D061,0,0,0,2,0,0
D0B7A233,0,0,0,1,0,0
1E34E9CB,0,26,44,297,0,0
02891A67,0,1,16,22,0,0
9FD2403D,0,5,31,45,0,0
686E4195,0,1,10,10,0,0
BFA2408B,,,,,,
FE7B8C66,,,,,,
81339F9E,,,,,,
2D3E4BA8,,,,,,
3E526FB9,,,,,,
3BECF36F,,,,,,
49286BA3,,,,,,
D81D2445,,,,,,
B3BB9F35,,,,,,
78B337EA,,,,,,
D92EC878,,,,,,
22B755DB,,,,,,
1D79206D,,,,,,
06F85599,,,,,,
3B816797,,,,,,
BF24EEDB,,,,,,
B1E25D31,0,2,92,96,0,0
9488002D,0,2,68,82,0,0
1A5D0397,0,3,78,147,0,0
2A1CED2B,2,5,159,242,0,0
C95F59A2,0,4,83,90,0,0
5B7D578B,0,1,273,347,0,0
304C666E,1,3,55,99,0,0
E279BB40,0,4,81,91,0,0
809CC376,1,2,86,137,0,0
E242AC3F,0,2,2,21,0,0
B5BD019C,2,4,59,81,0,0
5920BD4B,1,1,100,129,0,0
DA019333,2,3,21,108,0,0
7D155417,0,0,0,0,0,0
565E1883,0,3,56,195,0,0
7C9EEC55,0,6,733,743,0,0
CF083C77,,,,,,
177F8F20,2,6,204,462,0,0
470C77AF,0,3,67,182,0,0
1C0C83AB,4,5,244,349,0,0
745D6E5E,0,10,"1,360","1,477",0,0
687A7B2F,1,2,45,59,0,0
AB4CBD54,0,2,7,9,0,0
7D09BD08,0,0,7,9,0,0
0DE66516,1,11,192,271,0,0
982A1885,0,3,36,42,0,0
97963200,2,3,1,88,0,0
68E69D12,0,2,15,41,0,0
B210C835,0,1,1,24,0,0
8A655F8E,1,0,31,31,0,0
A3F031A7,1,2,21,92,0,0
A547D007,2,2,55,113,0,0
E60E1CDD,3,6,162,243,0,0
757C63D4,3,12,310,488,0,0
30A42331,2,6,268,426,0,0
44DA96BE,1,5,216,338,0,0
6EDCC620,3,5,158,205,0,0
28EE898C,1,4,68,99,0,0
3506013F,0,3,28,51,0,0
7CE9C152,0,1,15,16,0,0
6D40951F,0,0,1,9,0,0
6C02C92A,1,3,75,79,0,0
AE957350,0,4,12,19,0,0
B4E5BDF2,0,1,12,17,0,0
BD0CE951,0,2,45,56,0,0
287404D2,0,0,2,14,0,0
8CF97540,0,2,46,46,0,0
5531B3CB,0,1,0,4,0,0
7A6261FA,0,1,2,12,0,0
A9A36C95,1,3,58,93,0,0
45989172,0,2,7,7,0,0
72C7B0B1,5,0,165,302,0,0
81C21CFC,3,12,466,686,0,0
1502F23F,2,5,222,302,0,0
0FCFA67A,0,3,28,51,0,0
D585E3D1,0,5,59,80,0,0
BA1888F8,3,5,21,146,0,0
64A9CE6D,13,20,"1,319","3,177",0,0
29094286,0,2,9,13,0,0
FF36ECF1,2,4,25,74,0,0
FA21C57E,0,0,29,41,0,0
9945159E,0,1,16,19,0,0
66378A4A,3,4,49,164,0,0
C9A73564,0,2,38,54,0,0
64C99260,0,1,47,52,0,0
8CD65B9E,0,1,4,6,0,0
C672B202,0,2,8,8,0,0
EA596052,0,6,186,331,0,0
2A68D26E,0,0,14,24,0,0
CBF26816,0,4,9,53,0,0
B0BE05B2,3,3,36,107,0,0
2AABC494,2,2,84,112,0,0
B7029929,1,2,82,82,0,0
1F71FCB0,0,1,2,11,0,0
053581A7,2,4,46,159,0,0
6B80FA0F,,,,,,
77E2CDAB,1,2,58,116,0,0
FCC6A6D4,0,2,48,63,0,0
3025FB3B,0,0,48,136,0,0
9BBD7641,0,3,59,82,0,0
8D4059A9,0,2,9,10,0,0
E765A6F3,0,2,25,63,0,0
FBD1D8E1,0,0,0,2,0,0
A12C38E1,0,1,28,32,0,0
EEC4EAF1,0,2,9,44,0,0
E9FAE2F9,0,2,2,7,0,0
F3E45B55,0,2,50,50,0,0
D39C8760,0,1,21,22,0,0
C41C42DC,0,3,17,19,0,0
B255EBC9,0,2,9,12,0,0
CBD575D4,1,3,42,72,0,0
124ABB17,0,0,35,61,0,0
F4ED183B,0,2,49,52,0,0
874311E9,1,7,115,166,0,0
5FC035F4,0,4,34,61,0,0
ABE61C9E,1,9,97,303,0,0
3DDD8649,1,6,186,240,0,0
43C2890A,0,1,1,24,0,0
956DBD10,0,1,23,49,0,0
49C5D07D,1,3,71,97,0,0
6A850E09,0,1,10,13,0,0
BF4F9DB7,1,3,112,115,0,0
9996C83C,1,3,96,118,0,0
CF1ED3BB,0,0,1,2,0,0
AE6E276B,0,2,3,19,0,0
8F29F8A7,0,1,1,2,0,0
B39DC8C3,0,0,0,0,0,0
A54D0849,0,1,1,2,0,0
79895F41,0,0,1,2,0,0
D8D2F40A,0,0,0,11,0,0
30438D8D,0,0,1,1,0,0
3E8151D9,0,3,39,73,0,0
8EB40B91,0,2,45,81,0,0
0231005E,0,3,82,127,0,0
B2187A1C,0,1,26,43,0,0
B066C26E,0,1,5,9,0,0
9534889A,1,3,87,106,0,0
680B17B4,1,2,230,256,0,0
8CAC5079,0,2,7,9,0,0
2890D573,3,6,265,303,0,0
D84E0B78,0,2,10,20,0,0
E7CE42FF,0,2,35,38,0,0
ADBE8805,0,1,5,6,0,0
A4C4BEB6,0,1,4,6,0,0
6A4E0120,0,1,7,8,0,0
F5CF2EAC,0,1,1,12,0,0
FDF13889,,,,,,
C96FC41E,0,2,21,35,0,0
6AB500B5,1,1,46,66,0,0
2D79CF0F,0,2,4,5,0,0
10C0900A,1,2,36,48,0,0
E8DCAD32,0,1,4,5,0,0
C15D4A36,0,0,12,13,0,0